Question,Model Answer,Rating
ESG,"ESG investing stands for Environmental, Social, and Governance investing. It is an approach that integrates these factors into investment decisions, alongside traditional financial analysis.

Here's a breakdown of each element:

Environmental: This focuses on a company's impact on the environment. It considers factors like:",3
is esg mandatory for companies ?,"While ESG is not currently mandatory in most jurisdictions, the movement towards mandatory ESG reporting and disclosure is growing.",4
ESG,"ESG investing, or Environmental, Social, and Governance investing, incorporates ethical considerations into the investment decision-making process. This involves analyzing companies based on their performance across these three key dimensions:",3
esg in europe,"Europe is at the forefront of the ESG movement, with strong regulatory frameworks and a growing investor demand for sustainable investments. Here's a closer look at the key aspects of ESG in Europe:

Regulations:

EU Taxonomy: This classification system defines which economic activities can be considered environmentally sustainable, providing a common language for investors and companies.
Sustainable Finance Disclosure Regulation (SFDR): This regulation requires financial market participants to disclose how they integrate sustainability risks and factors into their investment decisions and advice.
Corporate Sustainability Reporting Directive (CSRD): This directive mandates large companies to report on their sustainability performance, including environmental, social, and governance (ESG) factors.",5
ESG,"ESG investing stands for Environmental, Social, and Governance investing. It's a strategy that considers these factors alongside traditional financial metrics when evaluating potential investments. By integrating ESG factors, investors aim to make a positive impact on the world while achieving strong financial returns.",4
